<?xml version="1.0" encoding="utf-8"?>

<ModMetaData>
  <name>Asperger's-1.1</name>
  <author>troopersmith1 - P-90-For-Retail</author>
  <supportedVersions>
  <li>1.0</li>
  <li>1.1</li>
  </supportedVersions>
  <packageId>troopersmith1.Aspergers</packageId>
  <description>
    Adds Asperger's Syndrome to the Rim. It is an uncommon spectrum of traits which alters colonists stats.
    Ever wondered why your pawn always plays chess by themselves? Why they constantly repeat the same activities? Maybe they have Asperger's.

    This mod adds the trait "Asperger's Syndrome" with stats:


        -socialFightChanceFactor muliplied by 2
        -MentalBreakThreshold increased by 0.08
        -PainShockThreshold decreased by 0.08
        -RestRateMultiplier multiplied by 0.80
        -PsychicSensitivity Reduced by 100%
        -Intellectual skill increased by 2
        -Social skill decreased by 4

        OR

        -PsychicSensitivity Reduced by 100%
        -Artistic skill increased by 6
        -Social skill decreased by 5

        OR

        -PsychicSensitivity Reduced by 100%
        -Artistic skill increased by 2
        -Intellectual skill increased by 2

        OR

        -PsychicSensitivity Reduced by 100%
        -Crafting skill increased by 4
        -Social skill decreased by 7

    This mod is save game compatible, but I don't recommend removing it mid game unless you want to edit your saves manually.
  </description>
</ModMetaData>
