<?xml version="1.0" encoding="utf-8" ?>
<Defs>
  <!--Asperger's Trait-->
  <TraitDef>
    <defName>Aspergers</defName>
    <commonality>0.6</commonality>
    <degreeDatas>
      <!--First degree-->
      <li>
        <label>Asperger Syndrome</label>
        <description>{PAWN_nameDef} is aneurotypical. {PAWN_pronoun} has difficulites socialising with people, is sensitive to overstimuli, and requires less sleep. {PAWN_nameDef} enjoys sticking to what {PAWN_pronoun} knows best and is psychically immune.</description>
        <degree>0</degree>
        <socialFightChanceFactor>2</socialFightChanceFactor>
        <statOffsets>
          <PsychicSensitivity>-1</PsychicSensitivity>
          <MentalBreakThreshold>0.08</MentalBreakThreshold>
          <PainShockThreshold>-0.08</PainShockThreshold>
          <RestRateMultiplier>0.80</RestRateMultiplier>
          <GlobalLearningFactor>0.7</GlobalLearningFactor>
        </statOffsets>
        <skillGains>
          <li>
            <key>Intellectual</key>
            <value>2</value>
          </li>
          <li>
            <key>Social</key>
            <value>-4</value>
          </li>
        </skillGains>
      </li>
      <!--Second degree-->
      <li>
        <label>Asperger Syndrome</label>
        <description>{PAWN_nameDef} is aneurotypical. {PAWN_pronoun} has difficulites socialising with people and would rather work on their art skills. {PAWN_nameDef} enjoys sticking to what {PAWN_pronoun} knows best and is psychically immune.</description>
        <degree>1</degree>
        <statOffsets>
          <PsychicSensitivity>-1</PsychicSensitivity>
          <GlobalLearningFactor>0.7</GlobalLearningFactor>
        </statOffsets>
        <skillGains>
          <li>
            <key>Artistic</key>
            <value>6</value>
          </li>
          <li>
            <key>Social</key>
            <value>-5</value>
          </li>
        </skillGains>
      </li>
      <!--Thrid degree-->
      <li>
        <label>Asperger Syndrome</label>
        <description>{PAWN_nameDef} is aneurotypical. {PAWN_pronoun} has difficulites socialising with people and is sensitive to overstimuli, {PAWN_pronoun} has overcome {PAWN_possessive} social difficulites recently . {PAWN_nameDef} enjoys sticking to what {PAWN_pronoun} knows best and is psychically immune.</description>
        <degree>2</degree>
        <statOffsets>
          <PsychicSensitivity>-1</PsychicSensitivity>
          <GlobalLearningFactor>0.7</GlobalLearningFactor>
        </statOffsets>
        <skillGains>
          <li>
            <key>Intellectual</key>
            <value>2</value>
          </li>
          <li>
            <key>Artistic</key>
            <value>2</value>
          </li>
        </skillGains>
      </li>
      <!--Fourth degree-->
      <li>
        <label>PDD-NOS</label>
        <description>{PAWN_nameDef} is very aneurotypical. {PAWN_pronoun} has much difficulty socialising with people (possibly due to {PAWN_pronoun}'s slighty out-of-tune voice), would rather spend all day making cowboy hats and is sensitive to overstimuli. {PAWN_nameDef} enjoys sticking to what {PAWN_pronoun} knows best and is psychically immune.</description>
        <degree>3</degree>
        <statOffsets>
          <PsychicSensitivity>-1</PsychicSensitivity>
          <MentalBreakThreshold>0.09</MentalBreakThreshold>
          <GlobalLearningFactor>0.7</GlobalLearningFactor>
        </statOffsets>
        <skillGains>
          <li>
            <key>Crafting</key>
            <value>4</value>
          </li>
          <li>
            <key>Social</key>
            <value>-7</value>
          </li>
        </skillGains>
      </li>
    </degreeDatas>
    <requiredWorkTags>
      <li>Intellectual</li>
    </requiredWorkTags>
  </TraitDef>

</Defs>
